<?xml version="1.0" encoding="UTF-8"?>
<project-private xmlns="http://www.netbeans.org/ns/project-private/1">
    <editor-bookmarks xmlns="http://www.netbeans.org/ns/editor-bookmarks/2" lastBookmarkId="0"/>
    <open-files xmlns="http://www.netbeans.org/ns/projectui-open-files/2">
        <group>
            <file>file:/C:/Users/David/Documents/Java/Java-master/Labs/Lab4/src/jsjf/LinkedBinaryTree.java</file>
            <file>file:/C:/Users/David/Documents/Java/Java-master/Labs/Lab4/src/lab4/WordData.java</file>
            <file>file:/C:/Users/David/Documents/Java/Java-master/Labs/Lab4/src/lab4/Lab4.java</file>
            <file>file:/C:/Users/David/Documents/Java/Java-master/Labs/Lab4/src/jsjf/AVLBinarySearchTree.java</file>
            <file>file:/C:/Users/David/Documents/Java/Java-master/Labs/Lab4/src/jsjf/BinaryTreeNode.java</file>
        </group>
    </open-files>
</project-private>
